city,Customers,Avg Uplift,Avg ARPU
Yogyakarta,100,0.049535827535458515,144678.47
Bandung,86,0.04214315956957868,142976.59302325582
Depok,108,0.03827879656512055,144983.59259259258
Bekasi,100,0.036674634249402614,144363.9
Jakarta,80,0.03603830844344896,144028.2
