plan_type,Customers,Avg Uplift,Avg ARPU
Halo Postpaid,966,0.035535856388578285,144855.78053830226
Combo Sakti 50GB,34,0.03246640606868297,136296.29411764705
